{"_format":"","paths":{"artifacts":"out","build_infos":"out/build-info","sources":"src","tests":"test","scripts":"script","libraries":["lib"]},"files":{"lib/forge-std/src/Base.sol":{"lastModificationDate":1745003185339,"contentHash":"ee13c050b1914464f1d3f90cde90204b","sourceName":"lib/forge-std/src/Base.sol","imports":["lib/forge-std/src/StdStorage.sol","lib/forge-std/src/Vm.sol"],"versionRequirement":">=0.6.2, <0.9.0","artifacts":{"CommonBase":{"0.8.29":{"default":{"path":"Base.sol/CommonBase.json","build_id":"d397e357bdce497f50cc97dc03a8b295"}}},"ScriptBase":{"0.8.29":{"default":{"path":"Base.sol/ScriptBase.json","build_id":"d397e357bdce497f50cc97dc03a8b295"}}},"TestBase":{"0.8.29":{"default":{"path":"Base.sol/TestBase.json","build_id":"d397e357bdce497f50cc97dc03a8b295"}}}},"seenByCompiler":true},"lib/forge-std/src/StdAssertions.sol":{"lastModificationDate":1745003185307,"contentHash":"25b77f9806b64d497b8a46aeb8e5f6f0","sourceName":"lib/forge-std/src/StdAssertions.sol","imports":["lib/forge-std/src/Vm.sol"],"versionRequirement":">=0.6.2, <0.9.0","artifacts":{"StdAssertions":{"0.8.29":{"default":{"path":"StdAssertions.sol/StdAssertions.json","build_id":"d397e357bdce497f50cc97dc03a8b295"}}}},"seenByCompiler":true},"lib/forge-std/src/StdChains.sol":{"lastModificationDate":1745003185339,"contentHash":"66948cf054cccf8b05793a59bd258451","sourceName":"lib/forge-std/src/StdChains.sol","imports":["lib/forge-std/src/Vm.sol"],"versionRequirement":">=0.6.2, <0.9.0","artifacts":{"StdChains":{"0.8.29":{"default":{"path":"StdChains.sol/StdChains.json","build_id":"d397e357bdce497f50cc97dc03a8b295"}}}},"seenByCompiler":true},"lib/forge-std/src/StdCheats.sol":{"lastModificationDate":1745003185308,"contentHash":"88408106c41697153142f6a6eeb06728","sourceName":"lib/forge-std/src/StdCheats.sol","imports":["lib/forge-std/src/StdStorage.sol","lib/forge-std/src/Vm.sol","lib/forge-std/src/console.sol","lib/forge-std/src/console2.sol"],"versionRequirement":">=0.6.2, <0.9.0","artifacts":{"StdCheats":{"0.8.29":{"default":{"path":"StdCheats.sol/StdCheats.json","build_id":"d397e357bdce497f50cc97dc03a8b295"}}},"StdCheatsSafe":{"0.8.29":{"default":{"path":"StdCheats.sol/StdCheatsSafe.json","build_id":"d397e357bdce497f50cc97dc03a8b295"}}}},"seenByCompiler":true},"lib/forge-std/src/StdError.sol":{"lastModificationDate":1745003185308,"contentHash":"64c896e1276a291776e5ea5aecb3870a","sourceName":"lib/forge-std/src/StdError.sol","imports":[],"versionRequirement":">=0.6.2, <0.9.0","artifacts":{"stdError":{"0.8.29":{"default":{"path":"StdError.sol/stdError.json","build_id":"d397e357bdce497f50cc97dc03a8b295"}}}},"seenByCompiler":true},"lib/forge-std/src/StdInvariant.sol":{"lastModificationDate":1745003185308,"contentHash":"f16837d0e7cb829544ae1f1319ea7643","sourceName":"lib/forge-std/src/StdInvariant.sol","imports":[],"versionRequirement":">=0.6.2, <0.9.0","artifacts":{"StdInvariant":{"0.8.29":{"default":{"path":"StdInvariant.sol/StdInvariant.json","build_id":"d397e357bdce497f50cc97dc03a8b295"}}}},"seenByCompiler":true},"lib/forge-std/src/StdJson.sol":{"lastModificationDate":1745003185308,"contentHash":"02209da5708eaee03e24a9c24a687370","sourceName":"lib/forge-std/src/StdJson.sol","imports":["lib/forge-std/src/Vm.sol"],"versionRequirement":">=0.6.0, <0.9.0","artifacts":{"stdJson":{"0.8.29":{"default":{"path":"StdJson.sol/stdJson.json","build_id":"d397e357bdce497f50cc97dc03a8b295"}}}},"seenByCompiler":true},"lib/forge-std/src/StdMath.sol":{"lastModificationDate":1745003185308,"contentHash":"9da8f453eba6bb98f3d75bc6822bfb29","sourceName":"lib/forge-std/src/StdMath.sol","imports":[],"versionRequirement":">=0.6.2, <0.9.0","artifacts":{"stdMath":{"0.8.29":{"default":{"path":"StdMath.sol/stdMath.json","build_id":"d397e357bdce497f50cc97dc03a8b295"}}}},"seenByCompiler":true},"lib/forge-std/src/StdStorage.sol":{"lastModificationDate":1745003185308,"contentHash":"ce68f6e336944f16d31351a47d0b19b8","sourceName":"lib/forge-std/src/StdStorage.sol","imports":["lib/forge-std/src/Vm.sol"],"versionRequirement":">=0.6.2, <0.9.0","artifacts":{"stdStorage":{"0.8.29":{"default":{"path":"StdStorage.sol/stdStorage.json","build_id":"d397e357bdce497f50cc97dc03a8b295"}}},"stdStorageSafe":{"0.8.29":{"default":{"path":"StdStorage.sol/stdStorageSafe.json","build_id":"d397e357bdce497f50cc97dc03a8b295"}}}},"seenByCompiler":true},"lib/forge-std/src/StdStyle.sol":{"lastModificationDate":1745003185308,"contentHash":"6281165a12aa639705c691fccefd855e","sourceName":"lib/forge-std/src/StdStyle.sol","imports":["lib/forge-std/src/Vm.sol"],"versionRequirement":">=0.4.22, <0.9.0","artifacts":{"StdStyle":{"0.8.29":{"default":{"path":"StdStyle.sol/StdStyle.json","build_id":"d397e357bdce497f50cc97dc03a8b295"}}}},"seenByCompiler":true},"lib/forge-std/src/StdToml.sol":{"lastModificationDate":1745003185308,"contentHash":"4bce85a4c60f2c073e651ee8140bcb4d","sourceName":"lib/forge-std/src/StdToml.sol","imports":["lib/forge-std/src/Vm.sol"],"versionRequirement":">=0.6.0, <0.9.0","artifacts":{"stdToml":{"0.8.29":{"default":{"path":"StdToml.sol/stdToml.json","build_id":"d397e357bdce497f50cc97dc03a8b295"}}}},"seenByCompiler":true},"lib/forge-std/src/StdUtils.sol":{"lastModificationDate":1745003185309,"contentHash":"4c104fcdec12d3b28348ff9e32c1e4eb","sourceName":"lib/forge-std/src/StdUtils.sol","imports":["lib/forge-std/src/Vm.sol","lib/forge-std/src/interfaces/IMulticall3.sol"],"versionRequirement":">=0.6.2, <0.9.0","artifacts":{"StdUtils":{"0.8.29":{"default":{"path":"StdUtils.sol/StdUtils.json","build_id":"d397e357bdce497f50cc97dc03a8b295"}}}},"seenByCompiler":true},"lib/forge-std/src/Test.sol":{"lastModificationDate":1745003185339,"contentHash":"b6f15605355fc8c421fe42a90f94bf32","sourceName":"lib/forge-std/src/Test.sol","imports":["lib/forge-std/src/Base.sol","lib/forge-std/src/StdAssertions.sol","lib/forge-std/src/StdChains.sol","lib/forge-std/src/StdCheats.sol","lib/forge-std/src/StdError.sol","lib/forge-std/src/StdInvariant.sol","lib/forge-std/src/StdJson.sol","lib/forge-std/src/StdMath.sol","lib/forge-std/src/StdStorage.sol","lib/forge-std/src/StdStyle.sol","lib/forge-std/src/StdToml.sol","lib/forge-std/src/StdUtils.sol","lib/forge-std/src/Vm.sol","lib/forge-std/src/console.sol","lib/forge-std/src/console2.sol","lib/forge-std/src/interfaces/IMulticall3.sol","lib/forge-std/src/safeconsole.sol"],"versionRequirement":">=0.6.2, <0.9.0","artifacts":{"Test":{"0.8.29":{"default":{"path":"Test.sol/Test.json","build_id":"d397e357bdce497f50cc97dc03a8b295"}}}},"seenByCompiler":true},"lib/forge-std/src/Vm.sol":{"lastModificationDate":1745003185339,"contentHash":"96e14164f19bc51b0aff863087896678","sourceName":"lib/forge-std/src/Vm.sol","imports":[],"versionRequirement":">=0.6.2, <0.9.0","artifacts":{"Vm":{"0.8.29":{"default":{"path":"Vm.sol/Vm.json","build_id":"d397e357bdce497f50cc97dc03a8b295"}}},"VmSafe":{"0.8.29":{"default":{"path":"Vm.sol/VmSafe.json","build_id":"d397e357bdce497f50cc97dc03a8b295"}}}},"seenByCompiler":true},"lib/forge-std/src/console.sol":{"lastModificationDate":1745003185309,"contentHash":"ce19a9e49945b42118379ff99d853c05","sourceName":"lib/forge-std/src/console.sol","imports":[],"versionRequirement":">=0.4.22, <0.9.0","artifacts":{"console":{"0.8.29":{"default":{"path":"console.sol/console.json","build_id":"d397e357bdce497f50cc97dc03a8b295"}}}},"seenByCompiler":true},"lib/forge-std/src/console2.sol":{"lastModificationDate":1745003185309,"contentHash":"f65ad21034b111e70fb5342d5771efcd","sourceName":"lib/forge-std/src/console2.sol","imports":["lib/forge-std/src/console.sol"],"versionRequirement":">=0.4.22, <0.9.0","artifacts":{},"seenByCompiler":true},"lib/forge-std/src/interfaces/IMulticall3.sol":{"lastModificationDate":1745003185310,"contentHash":"7b131ca1ca32ef6378b7b9ad5488b901","sourceName":"lib/forge-std/src/interfaces/IMulticall3.sol","imports":[],"versionRequirement":">=0.6.2, <0.9.0","artifacts":{"IMulticall3":{"0.8.29":{"default":{"path":"IMulticall3.sol/IMulticall3.json","build_id":"d397e357bdce497f50cc97dc03a8b295"}}}},"seenByCompiler":true},"lib/forge-std/src/safeconsole.sol":{"lastModificationDate":1745003185310,"contentHash":"1445aa2f47000e212173e0cefd6c7a77","sourceName":"lib/forge-std/src/safeconsole.sol","imports":[],"versionRequirement":">=0.6.2, <0.9.0","artifacts":{"safeconsole":{"0.8.29":{"default":{"path":"safeconsole.sol/safeconsole.json","build_id":"d397e357bdce497f50cc97dc03a8b295"}}}},"seenByCompiler":true},"lib/openzeppelin-contracts/contracts/access/Ownable.sol":{"lastModificationDate":1745003211601,"contentHash":"d3c790edc9ccf808a17c5a6cd13614fd","sourceName":"lib/openzeppelin-contracts/contracts/access/Ownable.sol","imports":["lib/openzeppelin-contracts/contracts/utils/Context.sol"],"versionRequirement":"^0.8.20","artifacts":{"Ownable":{"0.8.29":{"default":{"path":"Ownable.sol/Ownable.json","build_id":"d397e357bdce497f50cc97dc03a8b295"}}}},"seenByCompiler":true},"lib/openzeppelin-contracts/contracts/interfaces/IERC1363.sol":{"lastModificationDate":1745003211604,"contentHash":"6b7c5ee7a59c981072a804c99ab0fac9","sourceName":"lib/openzeppelin-contracts/contracts/interfaces/IERC1363.sol","imports":["lib/openzeppelin-contracts/contracts/interfaces/IERC165.sol","lib/openzeppelin-contracts/contracts/interfaces/IERC20.sol","lib/openzeppelin-contracts/contracts/token/ERC20/IERC20.sol","lib/openzeppelin-contracts/contracts/utils/introspection/IERC165.sol"],"versionRequirement":"^0.8.20","artifacts":{"IERC1363":{"0.8.29":{"default":{"path":"IERC1363.sol/IERC1363.json","build_id":"d397e357bdce497f50cc97dc03a8b295"}}}},"seenByCompiler":true},"lib/openzeppelin-contracts/contracts/interfaces/IERC165.sol":{"lastModificationDate":1745003211604,"contentHash":"f808b485ee0cdc6768ee8385ae5f9a2a","sourceName":"lib/openzeppelin-contracts/contracts/interfaces/IERC165.sol","imports":["lib/openzeppelin-contracts/contracts/utils/introspection/IERC165.sol"],"versionRequirement":"^0.8.20","artifacts":{},"seenByCompiler":true},"lib/openzeppelin-contracts/contracts/interfaces/IERC20.sol":{"lastModificationDate":1745003211604,"contentHash":"79af12d64eacc7d77b9ee2ac4b4d51ee","sourceName":"lib/openzeppelin-contracts/contracts/interfaces/IERC20.sol","imports":["lib/openzeppelin-contracts/contracts/token/ERC20/IERC20.sol"],"versionRequirement":"^0.8.20","artifacts":{},"seenByCompiler":true},"lib/openzeppelin-contracts/contracts/interfaces/draft-IERC6093.sol":{"lastModificationDate":1745003211606,"contentHash":"267d92fe4de67b1bdb3302c08f387dbf","sourceName":"lib/openzeppelin-contracts/contracts/interfaces/draft-IERC6093.sol","imports":[],"versionRequirement":"^0.8.20","artifacts":{"IERC1155Errors":{"0.8.29":{"default":{"path":"draft-IERC6093.sol/IERC1155Errors.json","build_id":"d397e357bdce497f50cc97dc03a8b295"}}},"IERC20Errors":{"0.8.29":{"default":{"path":"draft-IERC6093.sol/IERC20Errors.json","build_id":"d397e357bdce497f50cc97dc03a8b295"}}},"IERC721Errors":{"0.8.29":{"default":{"path":"draft-IERC6093.sol/IERC721Errors.json","build_id":"d397e357bdce497f50cc97dc03a8b295"}}}},"seenByCompiler":true},"lib/openzeppelin-contracts/contracts/token/ERC20/ERC20.sol":{"lastModificationDate":1745003211613,"contentHash":"57d79df281f57bbb1b09214c7914f877","sourceName":"lib/openzeppelin-contracts/contracts/token/ERC20/ERC20.sol","imports":["lib/openzeppelin-contracts/contracts/interfaces/draft-IERC6093.sol","lib/openzeppelin-contracts/contracts/token/ERC20/IERC20.sol","lib/openzeppelin-contracts/contracts/token/ERC20/extensions/IERC20Metadata.sol","lib/openzeppelin-contracts/contracts/utils/Context.sol"],"versionRequirement":"^0.8.20","artifacts":{"ERC20":{"0.8.29":{"default":{"path":"ERC20.sol/ERC20.json","build_id":"d397e357bdce497f50cc97dc03a8b295"}}}},"seenByCompiler":true},"lib/openzeppelin-contracts/contracts/token/ERC20/IERC20.sol":{"lastModificationDate":1745003211613,"contentHash":"8f19f64d2adadf448840908bbaf431c8","sourceName":"lib/openzeppelin-contracts/contracts/token/ERC20/IERC20.sol","imports":[],"versionRequirement":"^0.8.20","artifacts":{"IERC20":{"0.8.29":{"default":{"path":"IERC20.sol/IERC20.json","build_id":"d397e357bdce497f50cc97dc03a8b295"}}}},"seenByCompiler":true},"lib/openzeppelin-contracts/contracts/token/ERC20/extensions/IERC20Metadata.sol":{"lastModificationDate":1745003211614,"contentHash":"794db3115001aa372c79326fcfd44b1f","sourceName":"lib/openzeppelin-contracts/contracts/token/ERC20/extensions/IERC20Metadata.sol","imports":["lib/openzeppelin-contracts/contracts/token/ERC20/IERC20.sol"],"versionRequirement":"^0.8.20","artifacts":{"IERC20Metadata":{"0.8.29":{"default":{"path":"IERC20Metadata.sol/IERC20Metadata.json","build_id":"d397e357bdce497f50cc97dc03a8b295"}}}},"seenByCompiler":true},"lib/openzeppelin-contracts/contracts/token/ERC20/utils/SafeERC20.sol":{"lastModificationDate":1745003211614,"contentHash":"1fb9edee1d763745a62d0b1954998792","sourceName":"lib/openzeppelin-contracts/contracts/token/ERC20/utils/SafeERC20.sol","imports":["lib/openzeppelin-contracts/contracts/interfaces/IERC1363.sol","lib/openzeppelin-contracts/contracts/interfaces/IERC165.sol","lib/openzeppelin-contracts/contracts/interfaces/IERC20.sol","lib/openzeppelin-contracts/contracts/token/ERC20/IERC20.sol","lib/openzeppelin-contracts/contracts/utils/introspection/IERC165.sol"],"versionRequirement":"^0.8.20","artifacts":{"SafeERC20":{"0.8.29":{"default":{"path":"SafeERC20.sol/SafeERC20.json","build_id":"d397e357bdce497f50cc97dc03a8b295"}}}},"seenByCompiler":true},"lib/openzeppelin-contracts/contracts/utils/Context.sol":{"lastModificationDate":1745003211616,"contentHash":"67bfbc07588eb8683b3fd8f6f909563e","sourceName":"lib/openzeppelin-contracts/contracts/utils/Context.sol","imports":[],"versionRequirement":"^0.8.20","artifacts":{"Context":{"0.8.29":{"default":{"path":"Context.sol/Context.json","build_id":"d397e357bdce497f50cc97dc03a8b295"}}}},"seenByCompiler":true},"lib/openzeppelin-contracts/contracts/utils/Create2.sol":{"lastModificationDate":1745003211616,"contentHash":"841323ddbb94316c3f9ae8a19ce080ff","sourceName":"lib/openzeppelin-contracts/contracts/utils/Create2.sol","imports":["lib/openzeppelin-contracts/contracts/utils/Errors.sol"],"versionRequirement":"^0.8.20","artifacts":{"Create2":{"0.8.29":{"default":{"path":"Create2.sol/Create2.json","build_id":"d397e357bdce497f50cc97dc03a8b295"}}}},"seenByCompiler":true},"lib/openzeppelin-contracts/contracts/utils/Errors.sol":{"lastModificationDate":1745003211616,"contentHash":"6b5eac2b85500c3012977849cfd633d8","sourceName":"lib/openzeppelin-contracts/contracts/utils/Errors.sol","imports":[],"versionRequirement":"^0.8.20","artifacts":{"Errors":{"0.8.29":{"default":{"path":"Errors.sol/Errors.json","build_id":"d397e357bdce497f50cc97dc03a8b295"}}}},"seenByCompiler":true},"lib/openzeppelin-contracts/contracts/utils/introspection/IERC165.sol":{"lastModificationDate":1745003211618,"contentHash":"bf0119eb2a570f219729ff38b6cd1df8","sourceName":"lib/openzeppelin-contracts/contracts/utils/introspection/IERC165.sol","imports":[],"versionRequirement":"^0.8.20","artifacts":{"IERC165":{"0.8.29":{"default":{"path":"IERC165.sol/IERC165.json","build_id":"d397e357bdce497f50cc97dc03a8b295"}}}},"seenByCompiler":true},"src/PullPayment.sol":{"lastModificationDate":1745444532196,"contentHash":"b82eabb3b98c49e35f2ca77c2043f8ec","sourceName":"src/PullPayment.sol","imports":["lib/openzeppelin-contracts/contracts/access/Ownable.sol","lib/openzeppelin-contracts/contracts/interfaces/IERC1363.sol","lib/openzeppelin-contracts/contracts/interfaces/IERC165.sol","lib/openzeppelin-contracts/contracts/interfaces/IERC20.sol","lib/openzeppelin-contracts/contracts/token/ERC20/IERC20.sol","lib/openzeppelin-contracts/contracts/token/ERC20/utils/SafeERC20.sol","lib/openzeppelin-contracts/contracts/utils/Context.sol","lib/openzeppelin-contracts/contracts/utils/introspection/IERC165.sol"],"versionRequirement":"^0.8.13","artifacts":{"PullPayment":{"0.8.29":{"default":{"path":"PullPayment.sol/PullPayment.json","build_id":"65356757d0ee2d6a6ca04430fa2c88d8"}}}},"seenByCompiler":true},"src/PullPaymentFactory.sol":{"lastModificationDate":1745444730576,"contentHash":"f9385574103d8556b30000a99caf3abb","sourceName":"src/PullPaymentFactory.sol","imports":["lib/openzeppelin-contracts/contracts/access/Ownable.sol","lib/openzeppelin-contracts/contracts/interfaces/IERC1363.sol","lib/openzeppelin-contracts/contracts/interfaces/IERC165.sol","lib/openzeppelin-contracts/contracts/interfaces/IERC20.sol","lib/openzeppelin-contracts/contracts/token/ERC20/IERC20.sol","lib/openzeppelin-contracts/contracts/token/ERC20/utils/SafeERC20.sol","lib/openzeppelin-contracts/contracts/utils/Context.sol","lib/openzeppelin-contracts/contracts/utils/Create2.sol","lib/openzeppelin-contracts/contracts/utils/Errors.sol","lib/openzeppelin-contracts/contracts/utils/introspection/IERC165.sol","src/PullPayment.sol"],"versionRequirement":"^0.8.13","artifacts":{"PullPaymentFactory":{"0.8.29":{"default":{"path":"PullPaymentFactory.sol/PullPaymentFactory.json","build_id":"65356757d0ee2d6a6ca04430fa2c88d8"}}}},"seenByCompiler":true},"test/Subscribe.t.sol":{"lastModificationDate":1745444813220,"contentHash":"c493391303fcfc8e08f6cead8e2addf4","sourceName":"test/Subscribe.t.sol","imports":["lib/forge-std/src/Base.sol","lib/forge-std/src/StdAssertions.sol","lib/forge-std/src/StdChains.sol","lib/forge-std/src/StdCheats.sol","lib/forge-std/src/StdError.sol","lib/forge-std/src/StdInvariant.sol","lib/forge-std/src/StdJson.sol","lib/forge-std/src/StdMath.sol","lib/forge-std/src/StdStorage.sol","lib/forge-std/src/StdStyle.sol","lib/forge-std/src/StdToml.sol","lib/forge-std/src/StdUtils.sol","lib/forge-std/src/Test.sol","lib/forge-std/src/Vm.sol","lib/forge-std/src/console.sol","lib/forge-std/src/console2.sol","lib/forge-std/src/interfaces/IMulticall3.sol","lib/forge-std/src/safeconsole.sol","lib/openzeppelin-contracts/contracts/access/Ownable.sol","lib/openzeppelin-contracts/contracts/interfaces/IERC1363.sol","lib/openzeppelin-contracts/contracts/interfaces/IERC165.sol","lib/openzeppelin-contracts/contracts/interfaces/IERC20.sol","lib/openzeppelin-contracts/contracts/interfaces/draft-IERC6093.sol","lib/openzeppelin-contracts/contracts/token/ERC20/ERC20.sol","lib/openzeppelin-contracts/contracts/token/ERC20/IERC20.sol","lib/openzeppelin-contracts/contracts/token/ERC20/extensions/IERC20Metadata.sol","lib/openzeppelin-contracts/contracts/token/ERC20/utils/SafeERC20.sol","lib/openzeppelin-contracts/contracts/utils/Context.sol","lib/openzeppelin-contracts/contracts/utils/Create2.sol","lib/openzeppelin-contracts/contracts/utils/Errors.sol","lib/openzeppelin-contracts/contracts/utils/introspection/IERC165.sol","src/PullPayment.sol","src/PullPaymentFactory.sol"],"versionRequirement":"^0.8.13","artifacts":{"MockToken":{"0.8.29":{"default":{"path":"Subscribe.t.sol/MockToken.json","build_id":"65356757d0ee2d6a6ca04430fa2c88d8"}}},"PullPaymentTest":{"0.8.29":{"default":{"path":"Subscribe.t.sol/PullPaymentTest.json","build_id":"65356757d0ee2d6a6ca04430fa2c88d8"}}}},"seenByCompiler":true},"test/SubscribeFactory.t.sol":{"lastModificationDate":1745444882639,"contentHash":"aa0ca1edb757955ffc9818b7c50041d1","sourceName":"test/SubscribeFactory.t.sol","imports":["lib/forge-std/src/Base.sol","lib/forge-std/src/StdAssertions.sol","lib/forge-std/src/StdChains.sol","lib/forge-std/src/StdCheats.sol","lib/forge-std/src/StdError.sol","lib/forge-std/src/StdInvariant.sol","lib/forge-std/src/StdJson.sol","lib/forge-std/src/StdMath.sol","lib/forge-std/src/StdStorage.sol","lib/forge-std/src/StdStyle.sol","lib/forge-std/src/StdToml.sol","lib/forge-std/src/StdUtils.sol","lib/forge-std/src/Test.sol","lib/forge-std/src/Vm.sol","lib/forge-std/src/console.sol","lib/forge-std/src/console2.sol","lib/forge-std/src/interfaces/IMulticall3.sol","lib/forge-std/src/safeconsole.sol","lib/openzeppelin-contracts/contracts/access/Ownable.sol","lib/openzeppelin-contracts/contracts/interfaces/IERC1363.sol","lib/openzeppelin-contracts/contracts/interfaces/IERC165.sol","lib/openzeppelin-contracts/contracts/interfaces/IERC20.sol","lib/openzeppelin-contracts/contracts/interfaces/draft-IERC6093.sol","lib/openzeppelin-contracts/contracts/token/ERC20/ERC20.sol","lib/openzeppelin-contracts/contracts/token/ERC20/IERC20.sol","lib/openzeppelin-contracts/contracts/token/ERC20/extensions/IERC20Metadata.sol","lib/openzeppelin-contracts/contracts/token/ERC20/utils/SafeERC20.sol","lib/openzeppelin-contracts/contracts/utils/Context.sol","lib/openzeppelin-contracts/contracts/utils/Create2.sol","lib/openzeppelin-contracts/contracts/utils/Errors.sol","lib/openzeppelin-contracts/contracts/utils/introspection/IERC165.sol","src/PullPayment.sol","src/PullPaymentFactory.sol"],"versionRequirement":"^0.8.13","artifacts":{"PullPaymentFactoryTest":{"0.8.29":{"default":{"path":"SubscribeFactory.t.sol/PullPaymentFactoryTest.json","build_id":"65356757d0ee2d6a6ca04430fa2c88d8"}}}},"seenByCompiler":true}},"builds":["65356757d0ee2d6a6ca04430fa2c88d8","d397e357bdce497f50cc97dc03a8b295"],"profiles":{"default":{"solc":{"optimizer":{"enabled":true,"runs":20000},"metadata":{"useLiteralContent":false,"bytecodeHash":"ipfs","appendCBOR":true},"outputSelection":{"*":{"*":["abi","evm.bytecode.object","evm.bytecode.sourceMap","evm.bytecode.linkReferences","evm.deployedBytecode.object","evm.deployedBytecode.sourceMap","evm.deployedBytecode.linkReferences","evm.deployedBytecode.immutableReferences","evm.methodIdentifiers","metadata"]}},"evmVersion":"cancun","viaIR":false,"libraries":{}},"vyper":{"evmVersion":"cancun","outputSelection":{"*":{"*":["abi","evm.bytecode","evm.deployedBytecode"]}}}}}}